Oración original,label original,Puntaje Positivo,Puntaje Negativo,Resultado de inferencia,tiempo de ejecución
i loooooooovvvvvveee my kindle not that the dx is cool but the is fantastic in its own right,,0.382,0.0,Negativo,0.011226415634155273
reading my kindle love it lee childs is good read,,0.47,0.0,Negativo,0.009608030319213867
ok first assesment of the kindle it fucking rocks,,0.216,0.0,Negativo,0.009375572204589844
you ll love your kindle i ve had mine for a few months and never looked back the new big one is huge no need for remorse,,0.204,0.135,Neutro,0.01032400131225586
fair enough but i have the kindle and i think it s perfect,,0.456,0.0,Negativo,0.010046720504760742
no it is too big i m quite happy with the kindle,,0.281,0.155,Neutro,0.010943412780761719
fuck this economy i hate aig and their non loan given asses,,0.0,0.444,Negativo,0.010032892227172852
jquery is my new best friend,,0.649,0.0,Negativo,0.009114980697631836
loves twitter,,0.787,0.0,Negativo,0.009972095489501953
how can you not love obama he makes jokes about himself,,0.139,0.234,Neutro,0.009505510330200195
i firmly believe that obama pelosi have zero desire to be civil it s a charade and a slogan but they want to destroy conservatism,,0.127,0.182,Neutro,0.01867961883544922
house correspondents dinner was last night whoopi barbara amp sherri went obama got a standing ovation,,0.0,0.0,Negativo,0.00928187370300293
watchin espn jus seen this new nike commerical with a puppet lebron sh t was hilarious lmao,,0.337,0.0,Negativo,0.009522676467895508
dear nike stop with the flywire that shit is a waste of science and ugly love,,0.245,0.43,Neutro,0.009487628936767578
lebron best athlete of our generation if not all time basketball related i don t want to get into inter sport debates about __,,0.216,0.0,Negativo,0.009888410568237305
i was talking to this guy last night and he was telling me that he is a die hard spurs fan he also told me that he hates lebron james,,0.067,0.238,Neutro,0.009836435317993164
i love lebron,,0.808,0.0,Negativo,0.00923776626586914
lebron is a beast but i m still cheering the a til the end,,0.331,0.0,Negativo,0.017698287963867188
lebron is the boss,,0.0,0.0,Negativo,0.009624958038330078
lebron is a hometown hero to me lol i love the lakers but let s go cavs lol,,0.488,0.0,Negativo,0.009770870208740234
lebron and zydrunas are such an awesome duo,,0.369,0.0,Negativo,0.009404182434082031
lebron is a beast nobody in the nba comes even close,,0.0,0.0,Negativo,0.009057283401489258
downloading apps for my iphone so much fun there literally is an app for just about anything,,0.183,0.0,Negativo,0.009629964828491211
good news just had a call from the visa office saying everything is fine what a relief i am sick of scams out there stealing,,0.225,0.312,Neutro,0.010488271713256836
awesome come back from via,,0.506,0.0,Negativo,0.011673450469970703
in montreal for a long weekend of r amp r much needed,,0.0,0.0,Negativo,0.010473251342773438
booz allen hamilton has a bad ass homegrown social collaboration platform way cool ttiv,,0.422,0.0,Negativo,0.010358333587646484
mluc customer innovation award winner booz allen hamilton,,0.664,0.0,Negativo,0.011739492416381836
i current use the nikon d and love it but not as much as the canon d d i chose the d for the video feature my mistake,,0.101,0.121,Neutro,0.010346174240112305
google is always a good place to look should ve mentioned i worked on the mustang w my dad,,0.162,0.0,Negativo,0.010375261306762695
played with an android google phone the slide out screen scares me i would break that fucker so fast still prefer my iphone,,0.085,0.238,Neutro,0.00994253158569336
us planning to resume the military tribunals at guantanamo bay only this time those on trial will be aig execs and chrysler debt holders,,0.0,0.098,Negativo,0.012682437896728516
omg so bored amp my tattoooos are so itchy help aha,,0.185,0.319,Neutro,0.009917497634887695
i m itchy and miserable,,0.0,0.841,Negativo,0.010477304458618164
no i m not itchy for now maybe later lol,,0.391,0.186,Positivo,0.010547161102294922
rt i love the nerdy stanford human biology videos makes me miss school,,0.263,0.175,Neutro,0.009568214416503906
has been a bit crazy with steep learning curve but lyx is really good for long docs for anything shorter it would be insane,,0.145,0.178,Neutro,0.010411977767944336
i m listening to p y t by danny gokey lt lt lt aww he s so amazing i lt him so much,,0.245,0.0,Negativo,0.009636163711547852
is going to sleep then on a bike ride,,0.0,0.0,Negativo,0.00919342041015625
cant sleep my tooth is aching,,0.0,0.39,Negativo,0.00973653793334961
blah blah blah same old same old no plans today going back to sleep i guess,,0.0,0.368,Negativo,0.009344100952148438
glad i didnt do bay to breakers today it s freaking degrees in san francisco wtf,,0.146,0.32,Neutro,0.009362459182739258
obama administration must stop bonuses to aig ponzi schemers,,0.281,0.172,Neutro,0.0091094970703125
started to think that citi is in really deep s amp t are they gonna survive the turmoil or are they gonna be the next aig,,0.0,0.098,Negativo,0.009443998336791992
shaunwoo hate n on aig,,0.0,0.552,Negativo,0.009844541549682617
you will not regret going to see star trek it was awesome,,0.391,0.0,Negativo,0.009291410446166992
annoying new trend on the internets people picking apart michael lewis and malcolm gladwell nobody wants to read that,,0.0,0.13,Negativo,0.011164665222167969
highly recommend by malcolm gladwell,,0.411,0.0,Negativo,0.009398221969604492
blink by malcolm gladwell amazing book and the tipping point,,0.297,0.0,Negativo,0.011120796203613281
malcolm gladwell might be my new man crush,,0.0,0.186,Negativo,0.011358261108398438
omg the commercials alone on espn are going to drive me nuts,,0.0,0.301,Negativo,0.004555702209472656
playing with twitter api sounds fun may need to take a class or find a new friend who like to generate results with api code,,0.362,0.0,Negativo,0.010333061218261719
hello twitter api,,0.0,0.0,Negativo,0.009461402893066406
because the twitter api is slow and most client s aren t good,,0.24,0.0,Negativo,0.009366750717163086
yahoo answers can be a butt sometimes,,0.0,0.0,Negativo,0.009063243865966797
is scrapbooking with nic d,,0.0,0.0,Negativo,0.009568452835083008
rt five things wolfram alpha does better and vastly different than google,,0.209,0.0,Negativo,0.009957313537597656
just changed my default pic to a nike basketball cause bball is awesome,,0.272,0.0,Negativo,0.009897470474243164
rt was just told that nike layoffs started today,,0.0,0.0,Negativo,0.00982975959777832
back when i worked for nike we had one fav word just do it,,0.2,0.0,Negativo,0.01129150390625
by the way i m totally inspired by this freaky nike commercial,,0.25,0.179,Neutro,0.017870664596557617
class the d is supposed to come today,,0.0,0.0,Negativo,0.01941847801208496
needs someone to explain lambda calculus to him,,0.0,0.0,Negativo,0.011246919631958008
took the graduate field exam for computer science today nothing makes you feel like more of an idiot than lambda calculus,,0.1,0.142,Neutro,0.01802968978881836
shout outs to all east palo alto for being in the buildin karizmakaze cal gta also thanks to profits of doom universal hempz cracka,,0.197,0.092,Neutro,0.012750864028930664
yeahhhhhhhhh i wouldn t really have lived in east palo alto if i could have avoided it i guess it s only for the summer,,0.0,0.112,Negativo,0.012325763702392578
great stanford course thanks for making it available to the public really helpful and informative for starting off,,0.402,0.0,Negativo,0.018174409866333008
work til pm lets go lakers,,0.0,0.0,Negativo,0.01182866096496582
damn you north korea,,0.0,0.474,Negativo,0.0050237178802490234
can we just go ahead and blow north korea off the map already,,0.0,0.0,Negativo,0.011224508285522461
north korea please cease this douchebaggery china doesn t even like you anymore,,0.324,0.0,Negativo,0.011753559112548828
why the hell is pelosi in freakin china and on whose dime,,0.0,0.295,Negativo,0.010722160339355469
are you burning more cash than chrysler and gm stop the financial tsunami where bailout means taking a handout,,0.0,0.184,Negativo,0.011178016662597656
insects have infected my spinach plant,,0.0,0.39,Negativo,0.009908437728881836
wish i could catch every mosquito in the world n burn em slowly they been bitin the shit outta me day mosquitos are the assholes of insects,,0.206,0.117,Neutro,0.017695903778076172
just got back from church and i totally hate insects,,0.0,0.333,Negativo,0.009730100631713867
just got mcdonalds goddam those eggs make me sick o yeah laker up date go lakers not much of an update well it s true so suck it,,0.189,0.28,Neutro,0.01038980484008789
omgg i ohhdee want mcdonalds damn i wonder if its open lol,,0.297,0.196,Neutro,0.01032876968383789
history exam studying ugh,,0.0,0.483,Negativo,0.009632110595703125
i hate revision it s so boring i am totally unprepared for my exam tomorrow things are not looking good,,0.0,0.394,Negativo,0.009659767150878906
higher physics exam tommorow not lookin forward to it much,,0.0,0.0,Negativo,0.009510040283203125
it s a bank holiday yet i m only out of work now exam season sucks,,0.178,0.164,Neutro,0.00925588607788086
cheney and bush are the real culprits,,0.0,0.0,Negativo,0.009719610214233398
life s a bitch and so is dick cheney p bipart tlot tcot hhrs gop dnc,,0.0,0.401,Negativo,0.010486364364624023
dick cheney s dishonest speech about torture terror and obama fred kaplan slate,,0.0,0.641,Negativo,0.015444755554199219
the republican party is a bunch of anti abortion zealots who couldn t draw flies to a dump neal boortz just now on the radio,,0.099,0.245,Neutro,0.009870290756225586
is twitter s connections api broken some tweets didn t make it to twitter,,0.0,0.22,Negativo,0.009824752807617188
i srsly hate the stupid twitter api timeout thing soooo annoying,,0.0,0.583,Negativo,0.010611534118652344
i really liked learning jquery book is worth a look too,,0.416,0.0,Negativo,0.009493350982666016
very interesting ad from adobe by goodby silverstein amp partners youtube adobe cs le sens propre,,0.166,0.0,Negativo,0.009635448455810547
goodby silverstein agency new site great,,0.451,0.0,Negativo,0.009673357009887695
rt goodby silverstein s new site i enjoy it nice find,,0.462,0.0,Negativo,0.010914325714111328
the ever amazing psyop and goodby silverstein amp partners for hp have to go play with after effects now,,0.267,0.0,Negativo,0.010518550872802734
top ten most watched on viral video chart love the nike mostvaluablepuppets campaign from wieden amp kennedy,,0.286,0.0,Negativo,0.018109560012817383
zomg i have a g,,0.0,0.0,Negativo,0.016276836395263672
ok so lots of buzz from io but how lucky are they a free g,,0.494,0.0,Negativo,0.010867118835449219
just got a free g android at google i o,,0.398,0.0,Negativo,0.009608268737792969
guess i ll be retiring my g and start using my developer g woot googleio,,0.203,0.0,Negativo,0.009839296340942383
i am happy for philip being at googleio today,,0.346,0.0,Negativo,0.009540557861328125
lakers played great cannot wait for thursday night lakers vs,,0.448,0.0,Negativo,0.010006189346313477
judd apatow creates fake sitcom on nbc com to market his new movie viral marketing at its best,,0.258,0.127,Neutro,0.009628772735595703
viral marketing fail this acia pills brand oughta get shut down for hacking into people s messenger s i get msgs in a day arrrgh,,0.0,0.149,Negativo,0.010709762573242188
watching night at the museum lmao,,0.438,0.0,Negativo,0.01024174690246582
i loved night at the museum,,0.494,0.0,Negativo,0.009867191314697266
just got back from the movies went to see the new night at the museum with rachel it was good,,0.132,0.0,Negativo,0.010017633438110352
i will take you on a date to see night at the museum whenever you want it looks soooooo good,,0.208,0.0,Negativo,0.004955768585205078
no watching the night at the museum getting really good,,0.238,0.164,Neutro,0.004807233810424805
night at the museum wolverine and junk food perfect monday,,0.291,0.0,Negativo,0.004468441009521484
saw night at the museum last night pretty crazy movie but the cast was awesome so it was well worth it robin williams forever,,0.388,0.05,Neutro,0.00993037223815918
night at the museum tonite instead of up oh well that yr old better enjoy it lol,,0.458,0.0,Negativo,0.004558086395263672
it s unfortunate that after the stimulus plan was put in place twice to help gm on the back of the american people has led to the inevitable,,0.088,0.098,Neutro,0.009552478790283203
tell me again why we are giving more to gm we should use that for all the programs that support the unemployed,,0.203,0.0,Negativo,0.010079383850097656
oh yes but if gm dies it will only be worth more boo hahaha,,0.464,0.0,Negativo,0.004490375518798828
time warner cable is down again rd time since memorial day bummer,,0.0,0.191,Negativo,0.010113716125488281
i would rather pay reasonable yearly taxes for free fast internet than get gouged by time warner for a slow connection,,0.152,0.065,Neutro,0.004579782485961914
nooooooo my dvr just died and i was only half way through the ea presser hate you time warner,,0.0,0.313,Negativo,0.009302854537963867
f ck time warner cable you f cking suck balls i have a hd tv amp my damn hd channels hardly ever come in bullshit,,0.0,0.343,Negativo,0.009570121765136719
time warner has the worse customer service ever i will never use them again,,0.0,0.205,Negativo,0.009589672088623047
time warner is the devil worst possible time for the internet to go out,,0.0,0.415,Negativo,0.009829998016357422
fuck no internet damn time warner,,0.0,0.737,Negativo,0.0159456729888916
time warner really picks the worst time to not work all i want to do is get to mtv com so i can watch the hills wtfffff,,0.0,0.195,Negativo,0.012828826904296875
i hate time warner soooo wish i had vios cant watch the fricken mets game w o buffering i feel like im watching free internet porn,,0.291,0.127,Neutro,0.010368824005126953
ahh got rid of stupid time warner today amp now taking a nap while the roomies cook for me pretty good end for a monday,,0.207,0.115,Neutro,0.010381460189819336
time warner s hd line up is crap,,0.0,0.302,Negativo,0.010251522064208984
is being fucked by time warner cable didnt know modems could explode and susan boyle sucks too,,0.0,0.315,Negativo,0.010404825210571289
time warner cable slogan where calling it a day at pm happens,,0.0,0.0,Negativo,0.010506629943847656
recovering from surgery wishing was here,,0.275,0.0,Negativo,0.009589672088623047
my wrist still hurts i have to get it looked at i hate the dr dentist scary places time to watch eagle eye if you want to join txt,,0.099,0.282,Neutro,0.01036214828491211
the dentist lied u won t feel any discomort prob won t even need pain pills man u twippin this shit hurt how many pills can i take,,0.195,0.357,Neutro,0.009712457656860352
my dentist is great but she s expensive,,0.298,0.0,Negativo,0.009615421295166016
is studing math tomorrow exam and dentist,,0.0,0.0,Negativo,0.004264116287231445
my dentist was wrong wrong,,0.0,0.674,Negativo,0.004460811614990234
going to the dentist later,,0.0,0.0,Negativo,0.015449285507202148
son has me looking at cars online i hate car shopping would rather go to the dentist anyone with a good car at a good price to sell,,0.184,0.117,Neutro,0.009561538696289062
luke and i got stopped walking out of safeway and asked to empty our pockets and lift our shirts how jacked up is that,,0.0,0.15,Negativo,0.009196043014526367
safeway is very rock n roll tonight,,0.0,0.0,Negativo,0.00446319580078125
the safeway bathroom still smells like ass,,0.227,0.318,Neutro,0.004689693450927734
at safeway on elkhorn they move like they re dead,,0.169,0.291,Neutro,0.004821062088012695
i love dwight howard s vitamin water commercial now i wish he was with nike and not adidas lol,,0.388,0.1,Positivo,0.004762411117553711
found nothing at nike factory off to banana republic outlet,,0.0,0.0,Negativo,0.004645586013793945
is lovin his nike already and that s only from running on the spot in his bedroom,,0.0,0.0,Negativo,0.004860401153564453
i finally got around to using jquery to make my bio collapse yay for slide animations,,0.173,0.163,Neutro,0.009668588638305664
right lol we ll get there i have high expectations warren buffet style,,0.203,0.0,Negativo,0.009273529052734375
rt rt great someone s sitting in the shade today because someone planted a tree a long time ago warren buffet,,0.194,0.0,Negativo,0.010250091552734375
warren buffet became for a time the richest man in the united states not by working but investing in big idea which lead to the fortune,,0.151,0.0,Negativo,0.010758161544799805
according to the create a school notre dame will have receivers in ncaa at or higher rating sweet,,0.254,0.0,Negativo,0.012995719909667969
it s definitely under warranty amp my experience is the amazon support for kindle is great had to contact them about my kindle,,0.384,0.0,Negativo,0.015526533126831055
time warner road runner customer support here absolutely blows i hate not having other high speed net options i m ready to go nuclear,,0.191,0.146,Neutro,0.010959625244140625
time warner cable phone reps r dumber than nails ugh cable was working mins ago now its not wtf,,0.131,0.227,Neutro,0.009734153747558594
we tried but time warner wasn t being nice so we recorded today,,0.252,0.0,Negativo,0.009972810745239258
omg time warner f ed up my internet install instead of today its now next saturday another week w o internet amp ehfa v fhg fml,,0.0,0.0,Negativo,0.010613203048706055
wth i have never seen a line this loooong at time warner before ugh,,0.0,0.383,Negativo,0.009883403778076172
impatiently awaiting the arrival of the time warner guy it s way too pretty to be inside all afternoon,,0.146,0.123,Neutro,0.010366439819335938
naive bayes using em for text classification really frustrating,,0.0,0.431,Negativo,0.009943723678588867
we went to stanford university today got a tour made me want to go back to college it s also decided all of our kids will go there,,0.049,0.0,Negativo,0.01049661636352539
if you re being harassed by calls about your car warranty changing your number won t fix that they call every number d bags,,0.227,0.126,Neutro,0.010226011276245117
just blocked united blood services using google voice they call more than those car warranty guys,,0.148,0.111,Neutro,0.00969076156616211
at amp t is complete fail,,0.0,0.467,Negativo,0.011070489883422852
oh snap you work at at amp t don t you,,0.0,0.0,Negativo,0.010981559753417969
i really dont want at amp t phone service they suck when it comes to having a signal,,0.0,0.253,Negativo,0.010692596435546875
i say we just cut out the small talk at amp t s new slogan f__k you give us your money apologies to bob geldof,,0.0,0.091,Negativo,0.010194063186645508
pissed about at amp t s mid contract upgrade price for the iphone it s more i m not going to pay for something i thought was,,0.053,0.171,Neutro,0.010576009750366211
safari is fast even on my shitty at amp t tethering,,0.0,0.286,Negativo,0.009763002395629883
what is at amp t fucking up,,0.0,0.0,Negativo,0.010160207748413086
at amp t dropped the ball and isn t supporting crap with the new iphone fail att sucks,,0.123,0.366,Neutro,0.010089397430419922
yay glad you got the phone still damn you at amp t,,0.374,0.158,Neutro,0.009934425354003906
talk is cheap bing that i ll stick with google,,0.0,0.0,Negativo,0.00964665412902832
wtf is the point of deleting tweets if they can still be found in summize and searches twitter please fix that thanks and bye,,0.173,0.127,Neutro,0.010637521743774414
i love google translator too d good day mate,,0.587,0.0,Negativo,0.01177835464477539
reading on my new kindle,,0.0,0.0,Negativo,0.019556522369384766
my kindle came and i love it,,0.457,0.0,Negativo,0.011081933975219727
loving my new kindle named her kendra in case u were wondering the cookbook is the tool cuz it tells u all the tricks best gift evr,,0.328,0.045,Neutro,0.010179758071899414
the real aig scandal,,0.0,0.492,Negativo,0.015011787414550781
obama is quite a good comedian check out his dinner speech on cnn very funny jokes,,0.512,0.0,Negativo,0.010607719421386719
barack obama shows his funny side gt gt great speech,,0.651,0.0,Negativo,0.009847164154052734
i like this guy barack obama shows his funny side gt gt,,0.578,0.0,Negativo,0.009711265563964844
obama s speech was pretty awesome last night,,0.593,0.0,Negativo,0.00949549674987793
reading bill clinton fail obama win,,0.336,0.31,Neutro,0.009476184844970703
obama more popular than u s among arabs survey president barack obama s popularity in leading arab countries,,0.323,0.0,Negativo,0.00976705551147461
obama s got jokes haha just got to watch a bit of his after dinner speech from last night i m in love with mr president,,0.326,0.0,Negativo,0.009773731231689453
lebron james got in a car accident i guess just heard it on evening news wow i cant believe it will he be ok,,0.221,0.114,Neutro,0.01004171371459961
is it me or is this the best the playoffs have been in years oh yea lebron and melo in the finals,,0.167,0.0,Negativo,0.009753704071044922
no lebron is the best,,0.447,0.234,Positivo,0.009476184844970703
lebron is cool i like his personality he has good character,,0.524,0.0,Negativo,0.0095062255859375
watching lebron highlights damn that niggas good,,0.242,0.425,Neutro,0.009363174438476562
lebron is murdering shit,,0.0,0.798,Negativo,0.00937795639038086
lebron is a monsta and he is only smh the world ain t ready,,0.169,0.155,Neutro,0.009328365325927734
when lebron is done in the nba he will probably be greater than kobe like u said kobe is good but there alot of good players,,0.307,0.0,Negativo,0.010210514068603516
kobe is good bt lebron has my vote,,0.293,0.0,Negativo,0.009273767471313477
kobe is the best in the world not lebron,,0.344,0.0,Negativo,0.009237527847290039
world cup access damn that s a good look,,0.274,0.255,Neutro,0.00941920280456543
just bought my tickets for the fifa world cup in south africa its going to be a great summer,,0.194,0.0,Negativo,0.009416341781616211
i have to go to booz allen hamilton for a hr meeting but then i get to go home,,0.0,0.0,Negativo,0.009187459945678711
the great indian tamasha truly will unfold from may the result day for indian general election,,0.333,0.0,Negativo,0.010289669036865234
i have the kindle i ve seen pictures of the dx but haven t seen it in person i love my kindle i m on it everyday,,0.212,0.092,Neutro,0.011599302291870117
such an awesome idea the continual learning program with a kindle,,0.313,0.0,Negativo,0.016377925872802734
ooooh what model are you getting i have the d and love love love love it,,0.627,0.0,Negativo,0.009850025177001953
the times of india the wonder that is india s election,,0.0,0.0,Negativo,0.00975179672241211
good video from google on using search options,,0.293,0.0,Negativo,0.010580778121948242
lol ah my skin is itchy damn lawnmowing,,0.222,0.381,Neutro,0.009845256805419922
itchy back dont ya hate it,,0.33,0.231,Neutro,0.01001429557800293
stanford charity fashion show a top draw,,0.535,0.0,Negativo,0.009595394134521484
stanford university s facebook profile is one of the most popular official university pages,,0.205,0.0,Negativo,0.009852170944213867
lyx is cool,,0.535,0.0,Negativo,0.009679794311523438
sooo dissapointed they sent danny gokey home you still rock danny my hometown hero yeah milrockee,,0.293,0.0,Negativo,0.009865283966064453
rt american idol fashion adam lambert tones down danny gokey cute,,0.231,0.0,Negativo,0.009747982025146484
i love you danny gokey,,0.583,0.0,Negativo,0.009736061096191406
so tired i didn t sleep well at all last night,,0.171,0.26,Neutro,0.009170055389404297
boarding plane for san francisco in hour hr flight blech,,0.0,0.0,Negativo,0.009167194366455078
bonjour san francisco my back hurts from last night,,0.0,0.279,Negativo,0.009047746658325195
with my best girl for a few more hours in san francisco mmmmmfamily is wonderful,,0.397,0.0,Negativo,0.009509086608886719
f up big or go home aig,,0.0,0.0,Negativo,0.009063959121704102
went to see the star trek movie last night very satisfying,,0.248,0.0,Negativo,0.010050296783447266
i can t wait going to see star trek tonight,,0.0,0.0,Negativo,0.010075569152832031
star trek was as good as everyone said,,0.293,0.0,Negativo,0.009718179702758789
am loving new malcolm gladwell book outliers,,0.394,0.0,Negativo,0.009846210479736328
i highly recommend malcolm gladwell s the tipping point my next audiobook will probably be one of his as well,,0.234,0.0,Negativo,0.009176254272460938
malcolm gladwell is a genius at tricking people into not realizing he s a fucking idiot,,0.07,0.229,Neutro,0.009385347366333008
hey no offense but malcolm gladwell is a pretenious annoying cunt and he brings you down cant read his shit,,0.135,0.38,Neutro,0.009542703628540039
rt great article by malcolm gladwell,,0.451,0.0,Negativo,0.010409355163574219
i seriously underestimated malcolm gladwell i want to meet this dude,,0.117,0.342,Neutro,0.018238306045532227
i hate comcast right now everything is down cable internet amp phone ughh what am i to do,,0.0,0.198,Negativo,0.011713266372680664
comcast sucks,,0.0,0.714,Negativo,0.010143518447875977
the day i never have to deal with comcast again will rank as one of the best days of my life,,0.181,0.0,Negativo,0.010586977005004883
did comcast fail again,,0.0,0.538,Negativo,0.010626792907714844
curses the twitter api limit,,0.0,0.0,Negativo,0.009584188461303711
now i can see why dave winer screams about lack of twitter api its limitations and access throttles,,0.0,0.231,Negativo,0.010264396667480469
arg twitter api is making me crazy,,0.0,0.286,Negativo,0.009418725967407227
i m really loving the new search site wolfram alpha makes google seem so quaint,,0.259,0.0,Negativo,0.009719610214233398
wolfram alpha sucks even for researchers the information provided is less than you can get from google or wikipedia totally useless,,0.0,0.227,Negativo,0.009750604629516602
off to the nike factory,,0.0,0.0,Negativo,0.009265422821044922
new nike muppet commercials are pretty cute why do we live together again,,0.36,0.0,Negativo,0.01000356674194336
oh those are awesome i so wish they weren t owned by nike,,0.458,0.0,Negativo,0.010202169418334961
awesome seeing the show friday at the shoreline amphitheatre never seen nin before can t wait,,0.227,0.0,Negativo,0.01018071174621582
arhh it s weka bug and i spent almost two hours to find that out crappy me,,0.0,0.205,Negativo,0.009557962417602539
hey bud np i do so love my d although i d love a d mkii more,,0.587,0.0,Negativo,0.009950399398803711
just got us a d for the office d,,0.0,0.0,Negativo,0.009014368057250977
just picked up my new canon d it s beautiful prepare for some seriously awesome photography,,0.386,0.082,Positivo,0.009940624237060547
just got my new toy canon d love love love it,,0.643,0.0,Negativo,0.010660648345947266
learning about lambda calculus,,0.0,0.0,Negativo,0.00954127311706543
i m moving to east palo alto,,0.0,0.0,Negativo,0.009150505065917969
atebits i just finished watching your stanford iphone class session i really appreciate it you rock,,0.187,0.0,Negativo,0.009352445602416992
hi just saw your stanford talk and really liked your advice just saying hi from singapore yes the videos do get around,,0.225,0.0,Negativo,0.009502410888671875
lakers tonight let s go,,0.0,0.0,Negativo,0.00967717170715332
will the lakers kick the nuggets ass tonight,,0.0,0.333,Negativo,0.009418487548828125
oooooooh north korea is in troubleeeee,,0.0,0.0,Negativo,0.009387969970703125
wat the heck is north korea doing they just conducted powerful nuclear tests follow the link,,0.157,0.0,Negativo,0.011664628982543945
listening to obama friggin north korea,,0.0,0.0,Negativo,0.010719060897827148
i just realized we three monkeys in the white obama biden pelosi sarah palin,,0.0,0.0,Negativo,0.009363412857055664
pelosi should stay in china and never come back,,0.0,0.0,Negativo,0.01023721694946289
nancy pelosi gave the worst commencement speech i ve ever heard yes i m still bitter about this,,0.125,0.319,Neutro,0.009635210037231445
ugh the amount of times these stupid insects have bitten me grr,,0.0,0.383,Negativo,0.010406017303466797
prettiest insects ever pink katydids,,0.481,0.0,Negativo,0.009423017501831055
just got barraged by a horde of insects hungry for my kitchen light so scary,,0.0,0.24,Negativo,0.010369300842285156
just had mcdonalds for dinner d it was goooood big mac meal,,0.0,0.0,Negativo,0.009635686874389648
ahh yes lol ima tell my hubby to go get me sum mcdonalds,,0.333,0.0,Negativo,0.010022401809692383
stopped to have lunch at mcdonalds chicken nuggetssss yummmmmy,,0.0,0.192,Negativo,0.009385108947753906
could go for a lot of mcdonalds i mean a lot,,0.0,0.0,Negativo,0.009441614151000977
my exam went good your prayers worked,,0.326,0.0,Negativo,0.009311437606811523
only one exam left and i am so happy for it d,,0.345,0.0,Negativo,0.009290456771850586
math review im going to fail the exam,,0.0,0.333,Negativo,0.00895380973815918
colin powell rocked yesterday on cbs cheney needs to shut the hell up and go home powell is a man of honor and served our country proudly,,0.198,0.134,Neutro,0.009716987609863281
obviously not siding with cheney here,,0.0,0.0,Negativo,0.009052038192749023
absolutely hilarious from,,0.599,0.0,Negativo,0.009748458862304688
i never did thank you for including me in your top twitter authors you rock amp i new wave d,,0.095,0.112,Neutro,0.009312629699707031
rt awesome jquery reference book for coda webdesign,,0.369,0.0,Negativo,0.009390115737915039
i ve been sending e mails like crazy today to my contacts does anyone have a contact at goodby silverstein i d love to speak to them,,0.238,0.085,Neutro,0.009417295455932617
goodby silverstein s new site i enjoy it,,0.39,0.0,Negativo,0.004067420959472656
wow everyone at the google i o conference got free g s with a month of unlimited service,,0.392,0.0,Negativo,0.004374980926513672
dood i got a free google android phone at the i o conference the g,,0.268,0.0,Negativo,0.009690999984741211
the g is amazing btw a huge improvement over the g,,0.645,0.0,Negativo,0.017568588256835938
html demos lots of great stuff to come yes i m excited io googleio,,0.505,0.0,Negativo,0.011123895645141602
yay happy place place place i love google,,0.739,0.0,Negativo,0.016691207885742188
googleio o d bringing d graphics to the browser very nice tbh funfun,,0.256,0.0,Negativo,0.011536121368408203
awesome viral marketing for funny people,,0.636,0.0,Negativo,0.010886907577514648
saw night at the museum out of sheer desperation who is funding these movies,,0.0,0.188,Negativo,0.014909744262695312
night at the museum pretty furkin good,,0.55,0.0,Negativo,0.00963282585144043
watching night at the museum giggling,,0.333,0.0,Negativo,0.009992599487304688
back from seeing star trek and night at the museum star trek was amazing but night at the museum was eh,,0.107,0.0,Negativo,0.010332345962524414
just watched night at the museum so stinkin cute,,0.291,0.0,Negativo,0.009783744812011719
so night at the museum was awesome much better than part next weekend we ll see up,,0.318,0.0,Negativo,0.01011800765991211
saw the new night at the museum and i loved it next is to go see up in d,,0.196,0.0,Negativo,0.010779142379760742
it is a shame about gm what if they are forced to make only cars the white house thinks will sell what do you think,,0.0,0.217,Negativo,0.010080337524414062
as u may have noticed not too happy about the gm situation nor aig lehman et al,,0.0,0.167,Negativo,0.009499788284301758
gm good riddance sad though,,0.322,0.344,Neutro,0.009180307388305664
i will never buy a government motors vehicle until just recently i drove gm cars since when i bought a,,0.0,0.0,Negativo,0.009593486785888672
having the old coca cola guy on the gm board is stupid has heck tcot ala,,0.0,0.185,Negativo,0.009449958801269531
rantsandraves the worst thing about gm concord pleasant hill martinez is the fucking uaw,,0.17,0.211,Neutro,0.009712934494018555
give a man a fish u feed him for the day teach him to fish u feed him for life buy him gm and u f k him over for good,,0.112,0.0,Negativo,0.010283231735229492
the more i hear about this gm thing the more angry i get billions wasted more bullshit all for something like k employees and all the,,0.077,0.336,Neutro,0.009624481201171875
i own a gm car and it is junk as far as quality compared to a honda,,0.0,0.0,Negativo,0.009478092193603516
sad day bankrupt gm,,0.0,0.77,Negativo,0.009941816329956055
is upset about the whole gm thing life as i know it is so screwed up,,0.0,0.341,Negativo,0.009041547775268555
whoever is running time warner needs to be repeatedly raped by a rhino so they understand the consequences of putting out shitty cable svcs,,0.0,0.281,Negativo,0.00999307632446289
wftb joining a bit late my connection was down boo time warner,,0.0,0.0,Negativo,0.009401082992553711
cox or time warner cox is cheaper and gets a b on dslreports tw is more expensive and gets a c,,0.0,0.0,Negativo,0.009746074676513672
i am furious with time warner and their phone promotions,,0.0,0.316,Negativo,0.009238958358764648
just got home from chick fil a with the boys damn my internets down stupid time warner,,0.0,0.303,Negativo,0.00963902473449707
could time warner cable suck more no,,0.0,0.519,Negativo,0.01173257827758789
pissed at time warner for causin me to have slow internet problems,,0.0,0.408,Negativo,0.01137542724609375
ummm having some time warner problems,,0.0,0.351,Negativo,0.009958505630493164
you guys see this why does time warner have to suck so much ass really wish i could get u verse at my apartment,,0.104,0.233,Neutro,0.009616851806640625
rt the upside to time warner unhelpful phone operators superslow on site service crap that s not an upside,,0.0,0.133,Negativo,0.010136127471923828
rt new time warner slogan time warner where we make you long for the days before cable,,0.0,0.0,Negativo,0.01032876968383789
confirmed it s time warner s fault not facebook s that fb is taking about minutes to load so tempted to switch to verizon,,0.0,0.119,Negativo,0.009538888931274414
time warner epic fail,,0.0,0.538,Negativo,0.010849237442016602
i know how sad is that rt st day of hurricane season that s less scarey than govt taking over gm,,0.0,0.245,Negativo,0.009669065475463867
gm files bankruptcy not a good sign,,0.0,0.325,Negativo,0.00988149642944336
yankees won mets lost its a good day,,0.512,0.178,Positivo,0.009364843368530273
my dentist appt today was actually quite enjoyable,,0.313,0.0,Negativo,0.009998083114624023
i hate the effing dentist,,0.0,0.552,Negativo,0.004040956497192383
i hate going to the dentist,,0.0,0.481,Negativo,0.009227991104125977
i hate the dentist who invented them anyways,,0.0,0.381,Negativo,0.009653329849243164
this dentist s office is cold,,0.0,0.0,Negativo,0.010100603103637695
just applied at safeway yeeeee,,0.0,0.0,Negativo,0.009178400039672852
safeway place is a nightmare right now bumming,,0.0,0.0,Negativo,0.009155511856079102
hate safeway select green tea icecream bought two cartons what a waste of money gt _ lt,,0.102,0.316,Neutro,0.00989532470703125
nike rocks i m super grateful for what i ve done with them amp the european division of nike is beyond,,0.301,0.0,Negativo,0.009508609771728516
have you tried nike v addictive,,0.0,0.0,Negativo,0.009501934051513672
the nike training club beta iphone app looks very interesting,,0.25,0.0,Negativo,0.009169816970825195
argghhhh why won t my jquery appear in safari bad safari,,0.243,0.23,Neutro,0.011159896850585938
i m ready to drop the pretenses i am forever in love with jquery and i want to marry it sorry ladies this nerd is jquery spokenfor js,,0.253,0.177,Neutro,0.026132583618164062
super investors a great weekend read here from warren buffet oldie but a goodie,,0.333,0.0,Negativo,0.009209632873535156
reading michael palin book the python years great book i also recommend warren buffet amp nelson mandela s bio,,0.306,0.0,Negativo,0.011883020401000977
i mean i m down with notre dame if i have to it s a good school i d be closer to dan i d enjoy it,,0.289,0.0,Negativo,0.009850025177001953
i can t watch tv without a tivo and after all these years the time warner dvr still sucks,,0.0,0.143,Negativo,0.010118961334228516
i d say some sports writers are idiots for saying roger federer is one of the best ever in tennis roger federer is the best ever in tennis,,0.259,0.0,Negativo,0.010416030883789062
i still love my kindle but reading the new york times on it does not feel natural i miss the bloomingdale ads,,0.178,0.111,Neutro,0.004724264144897461
i love my kindle no more stacks of books to trip over on the way to the loo,,0.196,0.103,Neutro,0.014837503433227539
although today s keynote rocked for every great announcement at amp t shit on us just a little bit more,,0.181,0.159,Neutro,0.010887384414672852
its not so much my obsession with cell phones but the iphone i m a slave to at amp t forever because of it,,0.0,0.088,Negativo,0.009901762008666992
fuzzball is more fun than at amp t p,,0.375,0.0,Negativo,0.009691953659057617
today is a good day to dislike at amp t vote out of office indeed,,0.176,0.158,Neutro,0.010132551193237305
got my wave sandbox invite extra excited too bad i have class now but i ll play with it soon enough io wave,,0.241,0.089,Neutro,0.010461568832397461
looks like summize has gone down too many tweets from wwdc perhaps,,0.185,0.0,Negativo,0.009822607040405273
thanks so much from one of your very happy kindle winners i was so surprised fabulous thank you best kathleen,,0.658,0.0,Negativo,0.01032400131225586
man i kinda dislike apple right now case in point the iphone gs wish there was a video recorder app please,,0.215,0.099,Neutro,0.009427070617675781
i have a kindle amp sony prs like it physical device feels good font is nice pg turns are snappy enuf ui a little klunky,,0.301,0.0,Negativo,0.010116100311279297
the kindle seems the best ereader but will it work in the uk and where can i get one,,0.133,0.0,Negativo,0.009245157241821289
i have a google addiction thank you for pointing that out hahaha,,0.433,0.0,Negativo,0.010003805160522461
dearest you rich bastards the visa card you sent me doesn t work why screw a little guy like me,,0.339,0.194,Neutro,0.009433507919311523
excited about seeing bobby flay and guy fieri tomorrow at the great american food amp music fest,,0.302,0.0,Negativo,0.015278816223144531
gonna go see bobby flay moro at shoreline eat and drink gonna be good,,0.182,0.0,Negativo,0.0044629573822021484
can t wait for the great american food and music festival at shoreline tomorrow mmm katz pastrami and bobby flay yes please,,0.42,0.0,Negativo,0.009956598281860352
my dad was in ny for a day we ate at mesa grill last night and met bobby flay so much fun except i completely lost my voice today,,0.115,0.083,Neutro,0.00486445426940918
fighting with latex again,,0.0,0.455,Negativo,0.004579782485961914
we love you too and don t want you to die latex the devil,,0.241,0.364,Neutro,0.004795074462890625
hours hours of inkscape crashing normally solid as a rock hours of latex complaining at the slightest thing i can t take any more,,0.071,0.08,Neutro,0.004590749740600586
shit s hitting the fan in iran craziness indeed iranelection,,0.159,0.428,Neutro,0.0158689022064209
monday already iran may implode kitchen is a disaster seems happy had a nice weekend and is great whoop,,0.383,0.148,Positivo,0.010946989059448242
getting ready to test out some burger receipes this weekend bobby flay has some great receipes to try thanks bobby,,0.358,0.0,Negativo,0.011123895645141602
i lam so in love with bobby flay he is my favorite rt you need a place in phoenix we have great peppers here,,0.379,0.0,Negativo,0.010057210922241211
i just created my first latex file from scratch that didn t work out very well see it s a great time waster,,0.347,0.0,Negativo,0.00950312614440918
using linux and loving it so much nicer than windows looking forward to using the wysiwyg latex editor,,0.307,0.0,Negativo,0.014835596084594727
after using latex a lot any other typeset mathematics just looks hideous,,0.0,0.0,Negativo,0.009657621383666992
on that note i hate word i hate pages i hate latex there i said it i hate latex all you texn rds can come kill me now,,0.0,0.52,Negativo,0.010200738906860352
ahhh back in a real text editing environment i lt latex,,0.0,0.0,Negativo,0.009702205657958984
trouble in iran i see hmm iran iran so far away flockofseagullsweregeopoliticallycorrect,,0.0,0.213,Negativo,0.009719610214233398
reading the tweets coming out of iran the whole thing is terrifying and incredibly sad,,0.0,0.353,Negativo,0.009744882583618164
